{"cameraMode":{"drawMode":0,"name":"Shaded","section":"Shading Mode"},"sceneLighting":false,"audioPlay":false,"sceneViewState":{"m_AlwaysRefresh":false,"showFog":true,"showSkybox":false,"showFlares":true,"showImageEffects":true,"showParticleSystems":true,"showVisualEffectGraphs":true,"m_FxEnabled":false},"in2DMode":false,"pivot":{"x":35.719932556152347,"y":9.759480476379395,"z":37.891082763671878},"rotation":{"x":0.11466369777917862,"y":0.8786004185676575,"z":-0.2645964026451111,"w":0.38070040941238406},"size":2.2661452293395998,"orthographic":false}