{"cameraMode":{"drawMode":0,"name":"Shaded","section":"Shading Mode"},"sceneLighting":true,"audioPlay":false,"sceneViewState":{"m_AlwaysRefresh":false,"showFog":true,"showSkybox":true,"showFlares":true,"showImageEffects":true,"showParticleSystems":true,"showVisualEffectGraphs":true,"m_FxEnabled":false},"in2DMode":false,"pivot":{"x":-15.302775382995606,"y":1.4575176239013672,"z":-151.7303924560547},"rotation":{"x":-0.046994440257549289,"y":0.9367417693138123,"z":-0.31804409623146059,"w":-0.13841336965560914},"size":19.589609146118165,"orthographic":false}