{"cameraMode":{"drawMode":0,"name":"Shaded","section":"Shading Mode"},"sceneLighting":true,"audioPlay":false,"sceneViewState":{"m_AlwaysRefresh":false,"showFog":true,"showSkybox":true,"showFlares":true,"showImageEffects":true,"showParticleSystems":true,"showVisualEffectGraphs":true,"m_FxEnabled":false},"in2DMode":false,"pivot":{"x":-50.647586822509769,"y":29.47857666015625,"z":-167.50733947753907},"rotation":{"x":0.017799176275730134,"y":0.9821344614028931,"z":-0.1259271651506424,"w":0.13879071176052094},"size":29.23839569091797,"orthographic":false}