{"cameraMode":{"drawMode":0,"name":"Shaded","section":"Shading Mode"},"sceneLighting":true,"audioPlay":false,"sceneViewState":{"m_AlwaysRefresh":false,"showFog":true,"showSkybox":true,"showFlares":true,"showImageEffects":true,"showParticleSystems":true,"showVisualEffectGraphs":true,"m_FxEnabled":false},"in2DMode":false,"pivot":{"x":-64.72348022460938,"y":20.141002655029298,"z":-144.81590270996095},"rotation":{"x":0.1463419795036316,"y":0.8534411787986755,"z":-0.36437514424324038,"w":0.34273818135261538},"size":1.0438650846481324,"orthographic":false}