{"cameraMode":{"drawMode":0,"name":"Shaded","section":"Shading Mode"},"sceneLighting":false,"audioPlay":false,"sceneViewState":{"m_AlwaysRefresh":false,"showFog":true,"showSkybox":false,"showFlares":true,"showImageEffects":true,"showParticleSystems":true,"showVisualEffectGraphs":true,"m_FxEnabled":false},"in2DMode":false,"pivot":{"x":-49.68911361694336,"y":4.246431827545166,"z":-164.29457092285157},"rotation":{"x":-0.001008596969768405,"y":0.9981481432914734,"z":0.058435410261154178,"w":0.017355065792798997},"size":5.748786926269531,"orthographic":false}